﻿{"cameraMode":{"drawMode":0,"name":"Shaded","section":"Shading Mode"},"sceneLighting":true,"audioPlay":false,"sceneViewState":{"m_AlwaysRefresh":false,"showFog":true,"showSkybox":true,"showFlares":true,"showImageEffects":true,"showParticleSystems":true,"showVisualEffectGraphs":true,"m_FxEnabled":true},"in2DMode":false,"pivot":{"x":5.736812591552734,"y":0.5044779777526856,"z":-1.2924108505249024},"rotation":{"x":-0.20511382818222047,"y":-0.08152389526367188,"z":0.017147047445178033,"w":-0.9751952886581421},"size":7.288095951080322,"orthographic":false}